{
  "accuracy": 0.8638968481375359,
  "precision": 0.35374149659863946,
  "recall": 0.5226130653266332,
  "f1": 0.42190669371196754
}