keyword,count,pcl_count,pcl_rate
homeless,1077,178,0.16527390900649955
poor-families,909,150,0.16501650165016502
in-need,1082,176,0.16266173752310537
hopeless,1005,124,0.12338308457711443
refugee,1068,86,0.08052434456928839
disabled,1028,81,0.07879377431906615
vulnerable,1080,80,0.07407407407407407
women,1070,52,0.048598130841121495
migrant,1089,36,0.03305785123966942
immigrant,1061,30,0.02827521206409048
