{
  "dev_f1": 0.5876777251184834,
  "threshold": 0.37999999999999995
}